tema,servico,endpoint,parametros,arquivo,formato,numero_registros,status,observacao
ciclodados,cyclist-counts,/v1/locations,{},ciclodados/cyclist_locations.csv,CSV,44,completo,
ciclodados,cyclist-counts,/v1/locations,{},ciclodados/cyclist_locations.json,JSON,44,completo,
ciclodados,bicycle-racks,/v1/bicycle-racks/geojson,{},ciclodados/bicycle_racks.json,GeoJSON,5598,completo,GeoJSON com 5598 features
ciclodados,cycling-infra,/v1/ways/all-ways,{},ciclodados/all_ways.csv,CSV,4488,completo,
ciclodados,cycling-infra,/v1/ways/all-ways,{},ciclodados/all_ways.json,GeoJSON,4488,completo,GeoJSON com 4488 features
ciclodados,shared-bike,/v1/stations,{},ciclodados/shared_bike_stations.csv,CSV,69,completo,
ciclodados,shared-bike,/v1/stations,{},ciclodados/shared_bike_stations.json,JSON,69,completo,
ciclodados,cyclist-profile,/v1/cyclist-profiles/survey-locations,{},ciclodados/survey_locations.json,JSON,1,completo,
ciclodados,traffic-tickets,/v1/streets/geojson,{},ciclodados/traffic_tickets_geojson.json,GeoJSON,250,completo,GeoJSON com 250 features
contagens,cyclist-counts,/v1/events,{},contagens/events.csv,CSV,83,completo,
contagens,cyclist-counts,/v1/events,{},contagens/events.json,JSON,83,completo,
contagens,cyclist-counts,/v1/locations,{},contagens/locations.csv,CSV,44,completo,
contagens,cyclist-counts,/v1/locations,{},contagens/locations.json,JSON,44,completo,
contagens,cyclist-counts,/v1/summary,{},contagens/summary.json,JSON,1,completo,
perfil_ciclista,cyclist-profile,/v1/cyclist-profiles,{},perfil_ciclista/profiles.csv,CSV,2245,completo,
perfil_ciclista,cyclist-profile,/v1/cyclist-profiles,{},perfil_ciclista/profiles.json,JSON,2245,completo,
perfil_ciclista,cyclist-profile,/v1/cyclist-profiles/trends,{},perfil_ciclista/trends.json,JSON,1,completo,
perfil_ciclista,cyclist-profile,/v1/cyclist-profiles/summary,{},perfil_ciclista/profiles_summary.json,JSON,1,completo,
perfil_ciclista,cyclist-profile,/v1/filters,{},perfil_ciclista/filters.json,JSON,1,completo,
perfil_ciclista,cyclist-profile,/v1/cyclist-profiles/gender-analysis,{},perfil_ciclista/gender_analysis.json,JSON,1,completo,
perfil_ciclista,cyclist-profile,/v1/cyclist-profiles/safety-analysis,{},perfil_ciclista/safety_analysis.json,JSON,1,completo,
perfil_ciclista,cyclist-profile,/v1/dictionary,{},perfil_ciclista/dictionary.json,JSON,1,completo,
perfil_ciclista,cyclist-profile,/v1/points,{},perfil_ciclista/points.csv,CSV,40,completo,
perfil_ciclista,cyclist-profile,/v1/points,{},perfil_ciclista/points.json,JSON,40,completo,
perfil_ciclista,cyclist-profile,/v1/points.geojson,{},perfil_ciclista/points_geojson.json,GeoJSON,33,completo,GeoJSON com 33 features
execucao_cicloviaria,cycling-infra,/v1/infrastructure/summary,{},execucao_cicloviaria/infra_summary.json,JSON,1,completo,
execucao_cicloviaria,cycling-infra,/v1/ways/summary,{},execucao_cicloviaria/ways_summary.json,JSON,1,completo,
execucao_cicloviaria,cycling-infra,/v1/ways/all-ways,{},execucao_cicloviaria/all_ways.csv,CSV,4488,completo,
execucao_cicloviaria,cycling-infra,/v1/ways/all-ways,{},execucao_cicloviaria/all_ways.json,GeoJSON,4488,completo,GeoJSON com 4488 features
execucao_cicloviaria,cycling-infra,/v1/relations,{},execucao_cicloviaria/relations.csv,CSV,239,completo,
execucao_cicloviaria,cycling-infra,/v1/relations,{},execucao_cicloviaria/relations.json,JSON,239,completo,
execucao_cicloviaria,cycling-infra,/relations/by-city,{},execucao_cicloviaria/relations_by_city.json,JSON,1,completo,
infracoes,traffic-tickets,/v1/overview,{},infracoes/overview.json,JSON,1,completo,
infracoes,traffic-tickets,/v1/law-stats,{"law":"Art. 201"},infracoes/law_stats_art201.json,JSON,1,completo,
infracoes,traffic-tickets,/v1/violation-codes,{},infracoes/violation_codes.json,JSON,1,completo,
infracoes,traffic-tickets,/v1/streets/geojson,{},infracoes/streets_geojson.json,GeoJSON,250,completo,GeoJSON com 250 features
infracoes,traffic-tickets,/v1/street-stats,{"street_code":"119385"},infracoes/street_stats_119385.json,JSON,1,completo,
chamados_emergencia,emergency-calls,/v1/cities,{},chamados_emergencia/cities.json,JSON,1,completo,
chamados_emergencia,emergency-calls,/v1/summary,{},chamados_emergencia/summary.json,JSON,1,completo,
chamados_emergencia,emergency-calls,/v1/calls/cities,{},chamados_emergencia/calls_cities.json,JSON,1,completo,
chamados_emergencia,emergency-calls,/v1/calls/outcomes,{"city":"RECIFE"},chamados_emergencia/outcomes_RECIFE.json,JSON,1,completo,
chamados_emergencia,emergency-calls,/v1/calls/summary,{},chamados_emergencia/calls_summary.json,JSON,1,completo,
chamados_emergencia,emergency-calls,/v1/calls/profiles,{"city":"RECIFE"},chamados_emergencia/profiles_RECIFE.json,JSON,1,completo,
chamados_emergencia,emergency-calls,/v1/streets/top,{"limit":"150"},chamados_emergencia/streets_top150.json,JSON,1,completo,
chamados_emergencia,emergency-calls,/v1/streets/summary,{},chamados_emergencia/streets_summary.json,JSON,1,completo,
vias_inseguras,emergency-calls,/v2/unsafe-streets/cities/RECIFE/concentration,{},vias_inseguras/concentration_RECIFE.json,JSON,1,completo,
vias_inseguras,emergency-calls,/v2/unsafe-streets/cities/RECIFE/summary,{},vias_inseguras/summary_RECIFE.json,JSON,1,completo,
vias_inseguras,emergency-calls,/v2/unsafe-streets/cities/RECIFE/geojson,{},vias_inseguras/geojson_RECIFE.json,GeoJSON,10,completo,GeoJSON com 10 features
vias_inseguras,emergency-calls,/v1/streets/search,{"street":"Boa Viagem","limit":"100"},vias_inseguras/search_Boa_Viagem.json,JSON,100,completo,
sinistros_fatais,traffic-deaths,/v1/summary,{},sinistros_fatais/summary.json,JSON,1,completo,
sinistros_fatais,traffic-deaths,/v1/cities-by-year,{},sinistros_fatais/cities_by_year.json,JSON,1,completo,
sinistros_fatais,traffic-deaths,/v1/matrix,{},sinistros_fatais/matrix.json,JSON,1,completo,
sinistros_fatais,traffic-deaths,/v1/filtros,{},sinistros_fatais/filtros.json,JSON,1,completo,
sinistros_fatais,traffic-deaths,/v1/cities-by-year,{"tipoLocal":"residencia"},sinistros_fatais/cities_by_year_residencia.json,JSON,1,completo,
bicicletarios,bicycle-racks,/v1/bicycle-racks/geojson,{},bicicletarios/geojson.json,GeoJSON,5598,completo,GeoJSON com 5598 features
sinistros_fatais,traffic-deaths,/v1/causas-secundarias,{},sinistros_fatais/causas_secundarias.json,JSON,308998,completo,
bike_pe,shared-bike,/v1/stations,{},bike_pe/stations.csv,CSV,69,completo,
bike_pe,shared-bike,/v1/stations,{},bike_pe/stations.json,JSON,69,completo,
bicicletarios,bicycle-racks,/v1/bicycle-racks,{},bicicletarios/all.csv,CSV,5598,completo,
bicicletarios,bicycle-racks,/v1/bicycle-racks,{},bicicletarios/all.json,JSON,5598,completo,
bicicletarios,bicycle-racks,/v1/bicycle-racks/stats,{},bicicletarios/stats.json,JSON,5598,completo,
ciclodados,ciclodados,/v1/streets/search,{"q":"Boa Viagem","limit":"10"},ciclodados/streets_search_Boa_Viagem.json,JSON,1,completo,
execucao_cicloviaria,cycling-infra,/v1/infrastructure/city-coverage,{},execucao_cicloviaria/city_coverage.json,JSON,1,completo,
execucao_cicloviaria,cycling-infra,/v1/ways,{},execucao_cicloviaria/ways.csv,CSV,4488,completo,
execucao_cicloviaria,cycling-infra,/v1/ways,{},execucao_cicloviaria/ways.json,JSON,4488,completo,
execucao_cicloviaria,cycling-infra,/v1/infrastructure/cycleways,{},execucao_cicloviaria/cycleways.json,GeoJSON,5436,completo,GeoJSON com 5436 features
infracoes,traffic-tickets,/v1/law-stats,{"law":"Art. 253-A"},infracoes/law_stats_art253a.json,JSON,1,completo,
chamados_emergencia,emergency-calls,/v1/calls,limit=1000, offset pagination,chamados_emergencia/calls_consolidated.json,JSON (paginated consolidated),99171,completo,Total API: 99171. Exportado: 99171
infracoes,traffic-tickets,/v1/streets,limit=100, page pagination,infracoes/streets_consolidated.json,JSON (paginated consolidated),10147,completo,Total API: 10147. Exportado: 10147
chamados_emergencia,emergency-calls,/v1/calls/outcomes,city=JABOATAO DOS GUARARAPES,chamados_emergencia/outcomes_JABOATAO_DOS_GUARARAPES.json,JSON,1,completo,
chamados_emergencia,emergency-calls,/v1/calls/profiles,city=JABOATAO DOS GUARARAPES,chamados_emergencia/profiles_JABOATAO_DOS_GUARARAPES.json,JSON,1,completo,
chamados_emergencia,emergency-calls,/v1/calls/outcomes,city=OLINDA,chamados_emergencia/outcomes_OLINDA.json,JSON,1,completo,
chamados_emergencia,emergency-calls,/v1/calls/profiles,city=OLINDA,chamados_emergencia/profiles_OLINDA.json,JSON,1,completo,
chamados_emergencia,emergency-calls,/v1/calls/outcomes,city=PAULISTA,chamados_emergencia/outcomes_PAULISTA.json,JSON,1,completo,
chamados_emergencia,emergency-calls,/v1/calls/profiles,city=PAULISTA,chamados_emergencia/profiles_PAULISTA.json,JSON,1,completo,
chamados_emergencia,emergency-calls,/v1/calls/outcomes,city=CABO DE SANTO AGOSTINHO,chamados_emergencia/outcomes_CABO_DE_SANTO_AGOSTINHO.json,JSON,1,completo,
chamados_emergencia,emergency-calls,/v1/calls/profiles,city=CABO DE SANTO AGOSTINHO,chamados_emergencia/profiles_CABO_DE_SANTO_AGOSTINHO.json,JSON,1,completo,
chamados_emergencia,emergency-calls,/v1/calls/outcomes,city=VITORIA DE SANTO ANTAO,chamados_emergencia/outcomes_VITORIA_DE_SANTO_ANTAO.json,JSON,1,completo,
chamados_emergencia,emergency-calls,/v1/calls/profiles,city=VITORIA DE SANTO ANTAO,chamados_emergencia/profiles_VITORIA_DE_SANTO_ANTAO.json,JSON,1,completo,
chamados_emergencia,emergency-calls,/v1/calls/outcomes,city=CAMARAGIBE,chamados_emergencia/outcomes_CAMARAGIBE.json,JSON,1,completo,
chamados_emergencia,emergency-calls,/v1/calls/profiles,city=CAMARAGIBE,chamados_emergencia/profiles_CAMARAGIBE.json,JSON,1,completo,
chamados_emergencia,emergency-calls,/v1/calls/outcomes,city=IGARASSU,chamados_emergencia/outcomes_IGARASSU.json,JSON,1,completo,
chamados_emergencia,emergency-calls,/v1/calls/profiles,city=IGARASSU,chamados_emergencia/profiles_IGARASSU.json,JSON,1,completo,
chamados_emergencia,emergency-calls,/v1/calls/outcomes,city=GOIANA,chamados_emergencia/outcomes_GOIANA.json,JSON,1,completo,
chamados_emergencia,emergency-calls,/v1/calls/profiles,city=GOIANA,chamados_emergencia/profiles_GOIANA.json,JSON,1,completo,
chamados_emergencia,emergency-calls,/v1/calls/outcomes,city=ABREU E LIMA,chamados_emergencia/outcomes_ABREU_E_LIMA.json,JSON,1,completo,
chamados_emergencia,emergency-calls,/v1/calls/profiles,city=ABREU E LIMA,chamados_emergencia/profiles_ABREU_E_LIMA.json,JSON,1,completo,
chamados_emergencia,emergency-calls,/v1/calls/outcomes,city=IPOJUCA,chamados_emergencia/outcomes_IPOJUCA.json,JSON,1,completo,
chamados_emergencia,emergency-calls,/v1/calls/profiles,city=IPOJUCA,chamados_emergencia/profiles_IPOJUCA.json,JSON,1,completo,
chamados_emergencia,emergency-calls,/v1/calls/outcomes,city=SAO LOURENCO DA MATA,chamados_emergencia/outcomes_SAO_LOURENCO_DA_MATA.json,JSON,1,completo,
chamados_emergencia,emergency-calls,/v1/calls/profiles,city=SAO LOURENCO DA MATA,chamados_emergencia/profiles_SAO_LOURENCO_DA_MATA.json,JSON,1,completo,
chamados_emergencia,emergency-calls,/v1/calls/outcomes,city=PALMARES,chamados_emergencia/outcomes_PALMARES.json,JSON,1,completo,
chamados_emergencia,emergency-calls,/v1/calls/profiles,city=PALMARES,chamados_emergencia/profiles_PALMARES.json,JSON,1,completo,
chamados_emergencia,emergency-calls,/v1/calls/outcomes,city=CARPINA,chamados_emergencia/outcomes_CARPINA.json,JSON,1,completo,
chamados_emergencia,emergency-calls,/v1/calls/profiles,city=CARPINA,chamados_emergencia/profiles_CARPINA.json,JSON,1,completo,
chamados_emergencia,emergency-calls,/v1/calls/outcomes,city=SURUBIM,chamados_emergencia/outcomes_SURUBIM.json,JSON,1,completo,
chamados_emergencia,emergency-calls,/v1/calls/profiles,city=SURUBIM,chamados_emergencia/profiles_SURUBIM.json,JSON,1,completo,
chamados_emergencia,emergency-calls,/v1/calls/outcomes,city=LIMOEIRO,chamados_emergencia/outcomes_LIMOEIRO.json,JSON,1,completo,
chamados_emergencia,emergency-calls,/v1/calls/profiles,city=LIMOEIRO,chamados_emergencia/profiles_LIMOEIRO.json,JSON,1,completo,
chamados_emergencia,emergency-calls,/v1/calls/outcomes,city=ESCADA,chamados_emergencia/outcomes_ESCADA.json,JSON,1,completo,
chamados_emergencia,emergency-calls,/v1/calls/profiles,city=ESCADA,chamados_emergencia/profiles_ESCADA.json,JSON,1,completo,
chamados_emergencia,emergency-calls,/v1/calls/outcomes,city=MORENO,chamados_emergencia/outcomes_MORENO.json,JSON,1,completo,
chamados_emergencia,emergency-calls,/v1/calls/profiles,city=MORENO,chamados_emergencia/profiles_MORENO.json,JSON,1,completo,
chamados_emergencia,emergency-calls,/v1/calls/outcomes,city=TIMBAUBA,chamados_emergencia/outcomes_TIMBAUBA.json,JSON,1,completo,
chamados_emergencia,emergency-calls,/v1/calls/profiles,city=TIMBAUBA,chamados_emergencia/profiles_TIMBAUBA.json,JSON,1,completo,
chamados_emergencia,emergency-calls,/v1/calls/outcomes,city=PAUDALHO,chamados_emergencia/outcomes_PAUDALHO.json,JSON,1,completo,
chamados_emergencia,emergency-calls,/v1/calls/profiles,city=PAUDALHO,chamados_emergencia/profiles_PAUDALHO.json,JSON,1,completo,
chamados_emergencia,emergency-calls,/v1/calls/outcomes,city=POMBOS,chamados_emergencia/outcomes_POMBOS.json,JSON,1,completo,
chamados_emergencia,emergency-calls,/v1/calls/profiles,city=POMBOS,chamados_emergencia/profiles_POMBOS.json,JSON,1,completo,
chamados_emergencia,emergency-calls,/v1/calls/outcomes,city=BOM JARDIM,chamados_emergencia/outcomes_BOM_JARDIM.json,JSON,1,completo,
chamados_emergencia,emergency-calls,/v1/calls/profiles,city=BOM JARDIM,chamados_emergencia/profiles_BOM_JARDIM.json,JSON,1,completo,
chamados_emergencia,emergency-calls,/v1/calls/outcomes,city=ALIANCA,chamados_emergencia/outcomes_ALIANCA.json,JSON,1,completo,
chamados_emergencia,emergency-calls,/v1/calls/profiles,city=ALIANCA,chamados_emergencia/profiles_ALIANCA.json,JSON,1,completo,
chamados_emergencia,emergency-calls,/v1/calls/outcomes,city=CONDADO,chamados_emergencia/outcomes_CONDADO.json,JSON,1,completo,
chamados_emergencia,emergency-calls,/v1/calls/profiles,city=CONDADO,chamados_emergencia/profiles_CONDADO.json,JSON,1,completo,
chamados_emergencia,emergency-calls,/v1/calls/outcomes,city=TAMANDARE,chamados_emergencia/outcomes_TAMANDARE.json,JSON,1,completo,
chamados_emergencia,emergency-calls,/v1/calls/profiles,city=TAMANDARE,chamados_emergencia/profiles_TAMANDARE.json,JSON,1,completo,
chamados_emergencia,emergency-calls,/v1/calls/outcomes,city=BARREIROS,chamados_emergencia/outcomes_BARREIROS.json,JSON,1,completo,
chamados_emergencia,emergency-calls,/v1/calls/profiles,city=BARREIROS,chamados_emergencia/profiles_BARREIROS.json,JSON,1,completo,
chamados_emergencia,emergency-calls,/v1/calls/outcomes,city=SIRINHAEM,chamados_emergencia/outcomes_SIRINHAEM.json,JSON,1,completo,
chamados_emergencia,emergency-calls,/v1/calls/profiles,city=SIRINHAEM,chamados_emergencia/profiles_SIRINHAEM.json,JSON,1,completo,
chamados_emergencia,emergency-calls,/v1/calls/outcomes,city=RIBEIRAO,chamados_emergencia/outcomes_RIBEIRAO.json,JSON,1,completo,
chamados_emergencia,emergency-calls,/v1/calls/profiles,city=RIBEIRAO,chamados_emergencia/profiles_RIBEIRAO.json,JSON,1,completo,
chamados_emergencia,emergency-calls,/v1/calls/outcomes,city=GLORIA DO GOITA,chamados_emergencia/outcomes_GLORIA_DO_GOITA.json,JSON,1,completo,
chamados_emergencia,emergency-calls,/v1/calls/profiles,city=GLORIA DO GOITA,chamados_emergencia/profiles_GLORIA_DO_GOITA.json,JSON,1,completo,
chamados_emergencia,emergency-calls,/v1/calls/outcomes,city=NAZARE DA MATA,chamados_emergencia/outcomes_NAZARE_DA_MATA.json,JSON,1,completo,
chamados_emergencia,emergency-calls,/v1/calls/profiles,city=NAZARE DA MATA,chamados_emergencia/profiles_NAZARE_DA_MATA.json,JSON,1,completo,
chamados_emergencia,emergency-calls,/v1/calls/outcomes,city=ILHA DE ITAMARACA,chamados_emergencia/outcomes_ILHA_DE_ITAMARACA.json,JSON,1,completo,
chamados_emergencia,emergency-calls,/v1/calls/profiles,city=ILHA DE ITAMARACA,chamados_emergencia/profiles_ILHA_DE_ITAMARACA.json,JSON,1,completo,
chamados_emergencia,emergency-calls,/v1/calls/outcomes,city=ITAMBE,chamados_emergencia/outcomes_ITAMBE.json,JSON,1,completo,
chamados_emergencia,emergency-calls,/v1/calls/profiles,city=ITAMBE,chamados_emergencia/profiles_ITAMBE.json,JSON,1,completo,
chamados_emergencia,emergency-calls,/v1/calls/outcomes,city=CHA GRANDE,chamados_emergencia/outcomes_CHA_GRANDE.json,JSON,1,completo,
chamados_emergencia,emergency-calls,/v1/calls/profiles,city=CHA GRANDE,chamados_emergencia/profiles_CHA_GRANDE.json,JSON,1,completo,
chamados_emergencia,emergency-calls,/v1/calls/outcomes,city=MACAPARANA,chamados_emergencia/outcomes_MACAPARANA.json,JSON,1,completo,
chamados_emergencia,emergency-calls,/v1/calls/profiles,city=MACAPARANA,chamados_emergencia/profiles_MACAPARANA.json,JSON,1,completo,
chamados_emergencia,emergency-calls,/v1/calls/outcomes,city=ITAPISSUMA,chamados_emergencia/outcomes_ITAPISSUMA.json,JSON,1,completo,
chamados_emergencia,emergency-calls,/v1/calls/profiles,city=ITAPISSUMA,chamados_emergencia/profiles_ITAPISSUMA.json,JSON,1,completo,
chamados_emergencia,emergency-calls,/v1/calls/outcomes,city=FEIRA NOVA,chamados_emergencia/outcomes_FEIRA_NOVA.json,JSON,1,completo,
chamados_emergencia,emergency-calls,/v1/calls/profiles,city=FEIRA NOVA,chamados_emergencia/profiles_FEIRA_NOVA.json,JSON,1,completo,
chamados_emergencia,emergency-calls,/v1/calls/outcomes,city=AGUA PRETA,chamados_emergencia/outcomes_AGUA_PRETA.json,JSON,1,completo,
chamados_emergencia,emergency-calls,/v1/calls/profiles,city=AGUA PRETA,chamados_emergencia/profiles_AGUA_PRETA.json,JSON,1,completo,
chamados_emergencia,emergency-calls,/v1/calls/outcomes,city=AMARAJI,chamados_emergencia/outcomes_AMARAJI.json,JSON,1,completo,
chamados_emergencia,emergency-calls,/v1/calls/profiles,city=AMARAJI,chamados_emergencia/profiles_AMARAJI.json,JSON,1,completo,
chamados_emergencia,emergency-calls,/v1/calls/outcomes,city=PASSIRA,chamados_emergencia/outcomes_PASSIRA.json,JSON,1,completo,
chamados_emergencia,emergency-calls,/v1/calls/profiles,city=PASSIRA,chamados_emergencia/profiles_PASSIRA.json,JSON,1,completo,
chamados_emergencia,emergency-calls,/v1/calls/outcomes,city=SAO JOSE DA COROA GRANDE,chamados_emergencia/outcomes_SAO_JOSE_DA_COROA_GRANDE.json,JSON,1,completo,
chamados_emergencia,emergency-calls,/v1/calls/profiles,city=SAO JOSE DA COROA GRANDE,chamados_emergencia/profiles_SAO_JOSE_DA_COROA_GRANDE.json,JSON,1,completo,
chamados_emergencia,emergency-calls,/v1/calls/outcomes,city=VICENCIA,chamados_emergencia/outcomes_VICENCIA.json,JSON,1,completo,
chamados_emergencia,emergency-calls,/v1/calls/profiles,city=VICENCIA,chamados_emergencia/profiles_VICENCIA.json,JSON,1,completo,
chamados_emergencia,emergency-calls,/v1/calls/outcomes,city=CHA DE ALEGRIA,chamados_emergencia/outcomes_CHA_DE_ALEGRIA.json,JSON,1,completo,
chamados_emergencia,emergency-calls,/v1/calls/profiles,city=CHA DE ALEGRIA,chamados_emergencia/profiles_CHA_DE_ALEGRIA.json,JSON,1,completo,
chamados_emergencia,emergency-calls,/v1/calls/outcomes,city=ARACOIABA,chamados_emergencia/outcomes_ARACOIABA.json,JSON,1,completo,
chamados_emergencia,emergency-calls,/v1/calls/profiles,city=ARACOIABA,chamados_emergencia/profiles_ARACOIABA.json,JSON,1,completo,
chamados_emergencia,emergency-calls,/v1/calls/outcomes,city=RIO FORMOSO,chamados_emergencia/outcomes_RIO_FORMOSO.json,JSON,1,completo,
chamados_emergencia,emergency-calls,/v1/calls/profiles,city=RIO FORMOSO,chamados_emergencia/profiles_RIO_FORMOSO.json,JSON,1,completo,
chamados_emergencia,emergency-calls,/v1/calls/outcomes,city=OROBO,chamados_emergencia/outcomes_OROBO.json,JSON,1,completo,
chamados_emergencia,emergency-calls,/v1/calls/profiles,city=OROBO,chamados_emergencia/profiles_OROBO.json,JSON,1,completo,
chamados_emergencia,emergency-calls,/v1/calls/outcomes,city=LAGOA DO CARRO,chamados_emergencia/outcomes_LAGOA_DO_CARRO.json,JSON,1,completo,
chamados_emergencia,emergency-calls,/v1/calls/profiles,city=LAGOA DO CARRO,chamados_emergencia/profiles_LAGOA_DO_CARRO.json,JSON,1,completo,
chamados_emergencia,emergency-calls,/v1/calls/outcomes,city=LAGOA DO ITAENGA,chamados_emergencia/outcomes_LAGOA_DO_ITAENGA.json,JSON,1,completo,
chamados_emergencia,emergency-calls,/v1/calls/profiles,city=LAGOA DO ITAENGA,chamados_emergencia/profiles_LAGOA_DO_ITAENGA.json,JSON,1,completo,
chamados_emergencia,emergency-calls,/v1/calls/outcomes,city=GAMELEIRA,chamados_emergencia/outcomes_GAMELEIRA.json,JSON,1,completo,
chamados_emergencia,emergency-calls,/v1/calls/profiles,city=GAMELEIRA,chamados_emergencia/profiles_GAMELEIRA.json,JSON,1,completo,
chamados_emergencia,emergency-calls,/v1/calls/outcomes,city=CASINHAS,chamados_emergencia/outcomes_CASINHAS.json,JSON,1,completo,
chamados_emergencia,emergency-calls,/v1/calls/profiles,city=CASINHAS,chamados_emergencia/profiles_CASINHAS.json,JSON,1,completo,
chamados_emergencia,emergency-calls,/v1/calls/outcomes,city=PRIMAVERA,chamados_emergencia/outcomes_PRIMAVERA.json,JSON,1,completo,
chamados_emergencia,emergency-calls,/v1/calls/profiles,city=PRIMAVERA,chamados_emergencia/profiles_PRIMAVERA.json,JSON,1,completo,
chamados_emergencia,emergency-calls,/v1/calls/outcomes,city=CATENDE,chamados_emergencia/outcomes_CATENDE.json,JSON,1,completo,
chamados_emergencia,emergency-calls,/v1/calls/profiles,city=CATENDE,chamados_emergencia/profiles_CATENDE.json,JSON,1,completo,
chamados_emergencia,emergency-calls,/v1/calls/outcomes,city=JOAO ALFREDO,chamados_emergencia/outcomes_JOAO_ALFREDO.json,JSON,1,completo,
chamados_emergencia,emergency-calls,/v1/calls/profiles,city=JOAO ALFREDO,chamados_emergencia/profiles_JOAO_ALFREDO.json,JSON,1,completo,
chamados_emergencia,emergency-calls,/v1/calls/outcomes,city=SAO VICENTE FERRER,chamados_emergencia/outcomes_SAO_VICENTE_FERRER.json,JSON,1,completo,
chamados_emergencia,emergency-calls,/v1/calls/profiles,city=SAO VICENTE FERRER,chamados_emergencia/profiles_SAO_VICENTE_FERRER.json,JSON,1,completo,
chamados_emergencia,emergency-calls,/v1/calls/outcomes,city=LAGOA DOS GATOS,chamados_emergencia/outcomes_LAGOA_DOS_GATOS.json,JSON,1,completo,
chamados_emergencia,emergency-calls,/v1/calls/profiles,city=LAGOA DOS GATOS,chamados_emergencia/profiles_LAGOA_DOS_GATOS.json,JSON,1,completo,
chamados_emergencia,emergency-calls,/v1/calls/outcomes,city=XEXEU,chamados_emergencia/outcomes_XEXEU.json,JSON,1,completo,
chamados_emergencia,emergency-calls,/v1/calls/profiles,city=XEXEU,chamados_emergencia/profiles_XEXEU.json,JSON,1,completo,
chamados_emergencia,emergency-calls,/v1/calls/outcomes,city=BUENOS AIRES,chamados_emergencia/outcomes_BUENOS_AIRES.json,JSON,1,completo,
chamados_emergencia,emergency-calls,/v1/calls/profiles,city=BUENOS AIRES,chamados_emergencia/profiles_BUENOS_AIRES.json,JSON,1,completo,
chamados_emergencia,emergency-calls,/v1/calls/outcomes,city=BELEM DE MARIA,chamados_emergencia/outcomes_BELEM_DE_MARIA.json,JSON,1,completo,
chamados_emergencia,emergency-calls,/v1/calls/profiles,city=BELEM DE MARIA,chamados_emergencia/profiles_BELEM_DE_MARIA.json,JSON,1,completo,
chamados_emergencia,emergency-calls,/v1/calls/outcomes,city=JAQUEIRA,chamados_emergencia/outcomes_JAQUEIRA.json,JSON,1,completo,
chamados_emergencia,emergency-calls,/v1/calls/profiles,city=JAQUEIRA,chamados_emergencia/profiles_JAQUEIRA.json,JSON,1,completo,
chamados_emergencia,emergency-calls,/v1/calls/outcomes,city=CORTES,chamados_emergencia/outcomes_CORTES.json,JSON,1,completo,
chamados_emergencia,emergency-calls,/v1/calls/profiles,city=CORTES,chamados_emergencia/profiles_CORTES.json,JSON,1,completo,
chamados_emergencia,emergency-calls,/v1/calls/outcomes,city=TRACUNHAEM,chamados_emergencia/outcomes_TRACUNHAEM.json,JSON,1,completo,
chamados_emergencia,emergency-calls,/v1/calls/profiles,city=TRACUNHAEM,chamados_emergencia/profiles_TRACUNHAEM.json,JSON,1,completo,
chamados_emergencia,emergency-calls,/v1/calls/outcomes,city=QUIPAPA,chamados_emergencia/outcomes_QUIPAPA.json,JSON,1,completo,
chamados_emergencia,emergency-calls,/v1/calls/profiles,city=QUIPAPA,chamados_emergencia/profiles_QUIPAPA.json,JSON,1,completo,
chamados_emergencia,emergency-calls,/v1/calls/outcomes,city=CUMARU,chamados_emergencia/outcomes_CUMARU.json,JSON,1,completo,
chamados_emergencia,emergency-calls,/v1/calls/profiles,city=CUMARU,chamados_emergencia/profiles_CUMARU.json,JSON,1,completo,
chamados_emergencia,emergency-calls,/v1/calls/outcomes,city=FERNANDO DE NORONHA,chamados_emergencia/outcomes_FERNANDO_DE_NORONHA.json,JSON,1,completo,
chamados_emergencia,emergency-calls,/v1/calls/profiles,city=FERNANDO DE NORONHA,chamados_emergencia/profiles_FERNANDO_DE_NORONHA.json,JSON,1,completo,
chamados_emergencia,emergency-calls,/v1/calls/outcomes,city=CAMUTANGA,chamados_emergencia/outcomes_CAMUTANGA.json,JSON,1,completo,
chamados_emergencia,emergency-calls,/v1/calls/profiles,city=CAMUTANGA,chamados_emergencia/profiles_CAMUTANGA.json,JSON,1,completo,
chamados_emergencia,emergency-calls,/v1/calls/outcomes,city=SAO BENEDITO DO SUL,chamados_emergencia/outcomes_SAO_BENEDITO_DO_SUL.json,JSON,1,completo,
chamados_emergencia,emergency-calls,/v1/calls/profiles,city=SAO BENEDITO DO SUL,chamados_emergencia/profiles_SAO_BENEDITO_DO_SUL.json,JSON,1,completo,
chamados_emergencia,emergency-calls,/v1/calls/outcomes,city=JOAQUIM NABUCO,chamados_emergencia/outcomes_JOAQUIM_NABUCO.json,JSON,1,completo,
chamados_emergencia,emergency-calls,/v1/calls/profiles,city=JOAQUIM NABUCO,chamados_emergencia/profiles_JOAQUIM_NABUCO.json,JSON,1,completo,
chamados_emergencia,emergency-calls,/v1/calls/outcomes,city=ITAQUITINGA,chamados_emergencia/outcomes_ITAQUITINGA.json,JSON,1,completo,
chamados_emergencia,emergency-calls,/v1/calls/profiles,city=ITAQUITINGA,chamados_emergencia/profiles_ITAQUITINGA.json,JSON,1,completo,
chamados_emergencia,emergency-calls,/v1/calls/outcomes,city=VERTENTE DO LERIO,chamados_emergencia/outcomes_VERTENTE_DO_LERIO.json,JSON,1,completo,
chamados_emergencia,emergency-calls,/v1/calls/profiles,city=VERTENTE DO LERIO,chamados_emergencia/profiles_VERTENTE_DO_LERIO.json,JSON,1,completo,
chamados_emergencia,emergency-calls,/v1/calls/outcomes,city=FERREIROS,chamados_emergencia/outcomes_FERREIROS.json,JSON,1,completo,
chamados_emergencia,emergency-calls,/v1/calls/profiles,city=FERREIROS,chamados_emergencia/profiles_FERREIROS.json,JSON,1,completo,
chamados_emergencia,emergency-calls,/v1/calls/outcomes,city=MACHADOS,chamados_emergencia/outcomes_MACHADOS.json,JSON,1,completo,
chamados_emergencia,emergency-calls,/v1/calls/profiles,city=MACHADOS,chamados_emergencia/profiles_MACHADOS.json,JSON,1,completo,
chamados_emergencia,emergency-calls,/v1/calls/outcomes,city=MARAIAL,chamados_emergencia/outcomes_MARAIAL.json,JSON,1,completo,
chamados_emergencia,emergency-calls,/v1/calls/profiles,city=MARAIAL,chamados_emergencia/profiles_MARAIAL.json,JSON,1,completo,
chamados_emergencia,emergency-calls,/v1/calls/outcomes,city=UNKNOWN,chamados_emergencia/outcomes_UNKNOWN.json,JSON,1,completo,
chamados_emergencia,emergency-calls,/v1/calls/profiles,city=UNKNOWN,chamados_emergencia/profiles_UNKNOWN.json,JSON,1,completo,
chamados_emergencia,emergency-calls,/v1/calls/outcomes,city=SALGADINHO,chamados_emergencia/outcomes_SALGADINHO.json,JSON,1,completo,
chamados_emergencia,emergency-calls,/v1/calls/profiles,city=SALGADINHO,chamados_emergencia/profiles_SALGADINHO.json,JSON,1,completo,
