id,name,city,state,latitude,longitude,metadata.is_rmr,metadata.directions.east,metadata.directions.west,metadata.directions.north,metadata.directions.south,metadata.state_full,metadata.ibge_city_id,created_at,updated_at,counts
47,Av. Rui Barbosa x R. Amélia,Recife,PE,-8.0451100,-34.9020700,true,Espinheiro,Torre,Parnamirim,Centro,Pernambuco,2611606,2026-07-22T00:51:10.421Z,2026-07-22T00:51:10.421Z,"[object Object],[object Object]"
48,Av. Forte do Bom Jesus x R. Miguel Vieira,Recife,PE,-8.0535100,-34.9289200,true,Centro,Abdias,Caxangá,Engenho,Pernambuco,2611606,2026-07-22T00:51:10.527Z,2026-07-22T00:51:10.527Z,"[object Object],[object Object]"
49,Av. Beberibe x Av. Prof. José dos Anjos,Recife,PE,-8.0279300,-34.8929300,true,Campo Grande,Casa Amarela,Água Fria,Encruzilhada,Pernambuco,2611606,2026-07-22T00:51:10.593Z,2026-07-22T00:51:10.593Z,"[object Object],[object Object],[object Object]"
50,R. Padre Lemos x Estrada do Arraial,Recife,PE,-8.0267600,-34.9177300,true,Parnamirim,Monteiro,Vasco da Gama,Casa Forte,Pernambuco,2611606,2026-07-22T00:51:10.651Z,2026-07-22T00:51:10.651Z,"[object Object],[object Object]"
51,Av. Mascarenhas de Moraes x R. Eng. Alves de Souza,Recife,PE,-8.0984500,-34.9101900,true,Boa Viagem,Lagoa do Araçá,Centro,Jaboatão,Pernambuco,2611606,2026-07-22T00:51:10.712Z,2026-07-22T00:51:10.712Z,"[object Object],[object Object],[object Object]"
52,R. Arquiteto Luiz Nunes X R. Eng. Alves de Souza,Recife,PE,-8.0980300,-34.9122400,true,Boa Viagem,Lagoa do Araçá,Centro,Jaboatão,Pernambuco,2611606,2026-07-22T00:51:10.774Z,2026-07-22T00:51:10.774Z,"[object Object],[object Object]"
53,Estrada de Belém x R. Odorico Mendes,Recife,PE,-8.0321600,-34.8813800,true,Olinda,Espinheiro,Arruda,Agamenon,Pernambuco,2611606,2026-07-22T00:51:10.838Z,2026-07-22T00:51:10.838Z,"[object Object],[object Object]"
54,Av. Rui Barbosa x Av. Dr. Malaquias,Recife,PE,-8.0398900,-34.9040100,true,Rosarinho,,Jaqueira,Graças,Pernambuco,2611606,2026-07-22T00:51:10.899Z,2026-07-22T00:51:10.899Z,"[object Object],[object Object],[object Object]"
55,Av. Cons. Rosa e Silva x Av. Dr. Malaquias,Recife,PE,-8.0381200,-34.9005700,true,Rosarinho,Rio Capibaribe,Jaqueira,Graças,Pernambuco,2611606,2026-07-22T00:51:10.958Z,2026-07-22T00:51:10.958Z,"[object Object],[object Object],[object Object]"
56,R. do Futuro x Av. Dr. Malaquias,Recife,PE,-8.0387600,-34.9017600,true,Rosarinho,Rio Capibaribe,Jaqueira,Graças,Pernambuco,2611606,2026-07-22T00:51:11.020Z,2026-07-22T00:51:11.020Z,"[object Object],[object Object],[object Object]"
57,Av. Caxangá x Av. Gal. San Martin,Recife,PE,-8.0504500,-34.9210500,true,Derby,Camaragibe,Santana,Estância,Pernambuco,2611606,2026-07-22T00:51:11.077Z,2026-07-22T00:51:11.077Z,"[object Object],[object Object],[object Object]"
58,Av. Visconde de Suassuna x R. do Hospício,Recife,PE,-8.0550800,-34.8822600,true,Santo Amaro,Boa Vista,Espinheiro,Aurora,Pernambuco,2611606,2026-07-22T00:51:11.137Z,2026-07-22T00:51:11.137Z,"[object Object],[object Object]"
59,R. dos Palmares x R. Treze de Maio,Recife,PE,-8.0526300,-34.8837400,true,Aurora,Espinheiro,Santo Amaro,Boa Vista,Pernambuco,2611606,2026-07-22T00:51:11.193Z,2026-07-22T00:51:11.193Z,"[object Object],[object Object]"
60,Av. Cosme Viana x R. 21 de Abril,Recife,PE,-8.0770100,-34.9091900,true,Afogados,Mustardinha,Bongi,Imbiribeira,Pernambuco,2611606,2026-07-22T00:51:11.254Z,2026-07-22T00:51:11.254Z,"[object Object],[object Object],[object Object]"
61,Av. Gov. Agamenon Magalhães x Praça do Derby - Pista Oeste,Recife,PE,-8.0566400,-34.8980700,true,Boa Vista,Benfica,Olinda,Boa Viagem,Pernambuco,2611606,2026-07-22T00:51:11.317Z,2026-07-22T00:51:11.317Z,"[object Object],[object Object],[object Object]"
62,Av. Gov. Agamenon Magalhães x Praça do Derby - Pista Leste,Recife,PE,-8.0566100,-34.8977200,true,Boa Vista,Benfica,Olinda,Boa Viagem,Pernambuco,2611606,2026-07-22T00:51:11.377Z,2026-07-22T00:51:11.377Z,"[object Object],[object Object],[object Object]"
63,Av. Abdias de Carvalho x Av. Gal. San Martin,Recife,PE,-8.0604600,-34.9257600,true,Cordeiro,Estância,Curado,Ilha do Retiro,Pernambuco,2611606,2026-07-22T00:51:11.433Z,2026-07-22T00:51:11.433Z,"[object Object],[object Object],[object Object],[object Object]"
64,Av. Recife x R. Pintor Antonio de Albuquerque,Recife,PE,-8.1079300,-34.9270600,true,IPSEP,IBURA,Estância ,Boa Viagem,Pernambuco,2611606,2026-07-22T00:51:11.493Z,2026-07-22T00:51:11.493Z,"[object Object],[object Object]"
65,Av. Recife x R. São Nicolau,Recife,PE,-8.1069500,-34.9272100,true,Ibura,IPSEP,Estância,Boa Viagem,Pernambuco,2611606,2026-07-22T00:51:11.554Z,2026-07-22T00:51:11.554Z,"[object Object],[object Object]"
66,Av. Domingos Ferreira x Av. Antônio Falcão,Recife,PE,-8.1157400,-34.8955200,true,Praia,Imbiribeira,Pina,Piedade,Pernambuco,2611606,2026-07-22T00:51:11.614Z,2026-07-22T00:51:11.614Z,"[object Object],[object Object],[object Object]"
67,Varadouro | Olinda,Recife,PE,-8.0201600,-34.8558600,true,Milagres,Pan Nordestina,Olinda,Recife,Pernambuco,2611606,2026-07-22T00:51:11.671Z,2026-07-22T00:51:11.671Z,"[object Object],[object Object]"
68,Ponte do Janga,Recife,PE,-7.9577400,-34.8307900,true,Orla Olinda,,Janga,Rio Doce,Pernambuco,2611606,2026-07-22T00:51:11.724Z,2026-07-22T00:51:11.724Z,"[object Object],[object Object]"
69,Av. Caxangá x Av. Afonso Olindense,Recife,PE,-8.0313000,-34.9557300,true,Dois Irmãos,Várzea,Camaragibe,Centro,Pernambuco,2611606,2026-07-22T00:51:12.755Z,2026-07-22T00:51:12.755Z,"[object Object],[object Object]"
70,R. Padre Roma x R. Sebastião Malta Arcoverde,Recife,PE,-8.0330900,-34.9072900,true,Parnamirim,Jaqueira,Rui Barbosa,Padre Roma,Pernambuco,2611606,2026-07-22T00:51:12.811Z,2026-07-22T00:51:12.811Z,[object Object]
71,Av. Pres. Kennedy x Av. Antonio da Costa Azevedo,Olinda,PE,-8.0131300,-34.8724000,true,Jardim Brasil,Peixinhos,Caixa D'água ,Olinda,Pernambuco,2609600,2026-07-22T00:51:12.978Z,2026-07-22T00:51:12.978Z,"[object Object],[object Object],[object Object]"
72,R. Santo Elias x Av. Barreto de Menezes | Jaboatão,Recife,PE,-8.1633100,-34.9249800,true,Massangana,Cajueiro Seco,Prazeres,Piedade,Pernambuco,2611606,2026-07-22T00:51:13.035Z,2026-07-22T00:51:13.035Z,"[object Object],[object Object]"
73,Av. Gov. Agamenon Magalhães x Rua do Paissandu,Recife,PE,-8.0621900,-34.8975700,true,Ilha do Leite,Abdias,Olinda,Ponte José B Lima,Pernambuco,2611606,2026-07-22T00:51:13.438Z,2026-07-22T00:51:13.438Z,[object Object]
74,R. da Aurora x R. Princesa Isabel,Recife,PE,-8.0596100,-34.8799500,true,Santo Antônio,Boa Vista,Santo Amaro,Coelhos,Pernambuco,2611606,2026-07-22T00:51:13.490Z,2026-07-22T00:51:13.490Z,"[object Object],[object Object]"
75,Av. Cruz Cabugá x Rua Dr. Jayme da Fonte,Recife,PE,-8.0444800,-34.8748900,true,Aurora,Campo Grande,Olinda,Santo Amaro,Pernambuco,2611606,2026-07-22T00:51:13.516Z,2026-07-22T00:51:13.516Z,[object Object]
76,Av. Guararapes x Av. Dantas Barreto,Recife,PE,-8.0639200,-34.8784800,true,Bairro Recife,Boa Vista,Praça da República,São José,Pernambuco,2611606,2026-07-22T00:51:13.569Z,2026-07-22T00:51:13.569Z,[object Object]
77,R. Souza Bandeira x R. Cantora Clara Nunes,Recife,PE,-8.0442500,-34.9166500,true,Torre,Cordeiro,Santana,San Martin,Pernambuco,2611606,2026-07-22T00:51:13.731Z,2026-07-22T00:51:13.731Z,[object Object]
78,Praça de Camaragibe,Olinda,PE,-8.0185200,-34.9704300,true,Varzea (L),São Lourenço / Centro,Aldeia,Varzea (S),Pernambuco,2609600,2026-07-22T00:51:13.901Z,2026-07-22T00:51:13.901Z,[object Object]
79,Av. Dr. José Rufino X R. José Natário,Recife,PE,-8.0916900,-34.9360600,true,Estância,Tejipió,Jd. São Paulo,Ibura,Pernambuco,2611606,2026-07-22T00:51:14.018Z,2026-07-22T00:51:14.018Z,[object Object]
80,Rua Padre Machado x Rua Hermenegildo Lima,Itamaracá,PE,-7.7477600,-34.8246300,true,Mar,Biquinha,Jaguaribe,Forte Orange,Pernambuco,2607604,2026-07-22T00:51:14.074Z,2026-07-22T00:51:14.074Z,[object Object]
81,R. Dr. Antônio de Souza Leão x Av. Historiador Pereira da Costa,Cabo De Santo Agostinho,PE,-8.2868210,-35.0372670,true,Malaquias,Linha do trem,Pte. dos Carvalhos,Charneca,Pernambuco,2602902,2026-07-22T00:51:14.128Z,2026-07-22T00:51:14.128Z,[object Object]
82,Av. João Pereira de Oliveira x Av. Dr. Cláudio José Gueiros,Paulista,PE,-7.9282100,-34.8224600,true,Maria Farinha,Olinda,Maranguape II,Orla,Pernambuco,2610707,2026-07-22T00:51:14.180Z,2026-07-22T00:51:14.180Z,[object Object]
83,Av. Dr. Belminio Correia x Rua Gérson de Aquino Lucena,Camaragibe,PE,-8.0232460,-34.9945910,true,São Lourenço,Recife,Viana,Timbi,Pernambuco,2603454,2026-07-22T00:51:14.233Z,2026-07-22T00:51:14.233Z,[object Object]
84,Av. Dr. Luiz Correia de Araújo x Av. Dr. Francisco Correia,São Lourenço,PE,-7.9973700,-35.0366300,true,Recife,Tiúma (indo),Rua sem saída,Tiúma (vindo),Pernambuco,2613701,2026-07-22T00:51:14.340Z,2026-07-22T00:51:14.340Z,[object Object]
85,Rodovia Tronco (PE 009) x R. do Colégio,Ipojuca,PE,-8.4371420,-35.0126460,true,Porto de Galinhas,Ipojuca,Usina Salgado,Rua do Colégio,Pernambuco,2607208,2026-07-22T00:51:14.509Z,2026-07-22T00:51:14.509Z,[object Object]
86,Rua Frei Serafim x Rua João Pessoa,Itapissuma,PE,-7.7732500,-34.8955900,true,Itamaracá,Igarassu,Cajueiro,Cidade Criança,Pernambuco,2607752,2026-07-22T00:51:14.824Z,2026-07-22T00:51:14.824Z,[object Object]
87,Rua Joaquim Nabuco x Av. Mário Melo,Igarassu,PE,-7.8286900,-34.9095800,true,Santo Inácio,Joaquim Nabuco,Abreu e Lima,Itapissuma,Pernambuco,2606804,2026-07-22T00:51:14.875Z,2026-07-22T00:51:14.875Z,[object Object]
88,PE 007 x Pte. Santa Maria,Moreno,PE,-8.1188220,-35.1058190,true,Jaboatão,Bonança,Centro,Alto da Liberdade,Pernambuco,2609402,2026-07-22T00:51:14.965Z,2026-07-22T00:51:14.965Z,[object Object]
89,Rua Cap. José Primo x BR 101,Abreu E Lima,PE,-7.9049500,-34.9022500,true,Fosfato,Caetés Velho,Igarassu,Paulista,Pernambuco,2600054,2026-07-22T00:51:15.019Z,2026-07-22T00:51:15.019Z,[object Object]
90,Av.17 de Agosto x Rua Alfredo Fernandes,Recife,PE,-8.0365011,-34.9142649,true,Parnamirim,Casa Forte,Alfredo Fernandes,Vintém,Pernambuco,2611606,2026-07-22T00:51:15.120Z,2026-07-22T00:51:15.120Z,[object Object]
